Artist,Style
Kanye West,chicago rap
Kanye West,rap
The Supremes,brill building pop
The Supremes,classic girl group
The Supremes,disco
The Supremes,motown
The Supremes,quiet storm
The Supremes,soul
Townes Van Zandt,alternative country
Townes Van Zandt,cosmic american
Townes Van Zandt,country rock
Townes Van Zandt,folk
Townes Van Zandt,folk rock
Townes Van Zandt,new americana
Townes Van Zandt,outlaw country
Townes Van Zandt,roots rock
Townes Van Zandt,singer-songwriter
Townes Van Zandt,texas country
Lizzo,dance pop
Lizzo,escape room
Lizzo,minnesota hip hop
Lizzo,pop
Lizzo,trap queen
Harry Nilsson,art rock
Harry Nilsson,brill building pop
Harry Nilsson,classic rock
Harry Nilsson,country rock
Harry Nilsson,folk
Harry Nilsson,folk rock
Harry Nilsson,mellow gold
Harry Nilsson,rock
Harry Nilsson,roots rock
Harry Nilsson,singer-songwriter
Harry Nilsson,soft rock
Carly Simon,adult standards
Carly Simon,classic rock
Carly Simon,country rock
Carly Simon,folk
Carly Simon,folk rock
Carly Simon,mellow gold
Carly Simon,soft rock
Cyndi Lauper,mellow gold
Cyndi Lauper,new wave pop
Cyndi Lauper,permanent wave
Cyndi Lauper,soft rock
Pixies,alternative rock
Pixies,boston rock
Pixies,modern rock
Pixies,permanent wave
Pixies,rock
Miles Davis,cool jazz
Miles Davis,hard bop
Miles Davis,jazz
Miles Davis,jazz fusion
Miles Davis,jazz trumpet
Guns N' Roses,glam metal
Guns N' Roses,hard rock
Guns N' Roses,rock
Lil Nas X,lgbtq+ hip hop
Lil Nas X,pop
The Breeders,alternative pop
The Breeders,alternative rock
The Breeders,boston rock
The Breeders,dayton indie
The Breeders,dream pop
The Breeders,indie rock
The Breeders,post-punk
The Breeders,rock
The Weeknd,canadian contemporary r&b
The Weeknd,canadian pop
The Weeknd,pop
Solange,afrofuturism
Solange,alternative r&b
Solange,dance pop
Solange,escape room
Solange,hip pop
Solange,indie soul
Solange,neo soul
Solange,pop
Solange,r&b
Solange,urban contemporary
Lil Wayne,hip hop
Lil Wayne,new orleans rap
Lil Wayne,pop rap
Lil Wayne,rap
Lil Wayne,trap
Azealia Banks,dance pop
Azealia Banks,escape room
Azealia Banks,hip house
Azealia Banks,lgbtq+ hip hop
Azealia Banks,pop
Azealia Banks,trap queen
Weezer,alternative rock
Weezer,modern power pop
Weezer,modern rock
Weezer,permanent wave
Weezer,rock
Four Tops,adult standards
Four Tops,brill building pop
Four Tops,classic soul
Four Tops,disco
Four Tops,funk
Four Tops,mellow gold
Four Tops,motown
Four Tops,quiet storm
Four Tops,soul
Lady Gaga,art pop
Lady Gaga,dance pop
Lady Gaga,pop
Robert Johnson,acoustic blues
Robert Johnson,blues
Robert Johnson,delta blues
Robert Johnson,pre-war blues
Robert Johnson,traditional blues
Biz Markie,east coast hip hop
Biz Markie,electro
Biz Markie,gangster rap
Biz Markie,golden age hip hop
Biz Markie,hardcore hip hop
Biz Markie,hip hop
Biz Markie,old school hip hop
Biz Markie,rap
Santana,blues rock
Santana,classic rock
Santana,mexican classic rock
JUVENILE,bounce
JUVENILE,crunk
JUVENILE,dirty south rap
JUVENILE,gangster rap
JUVENILE,hip hop
JUVENILE,new orleans rap
JUVENILE,pop rap
JUVENILE,rap
JUVENILE,southern hip hop
JUVENILE,trap
The Go-Go's,album rock
The Go-Go's,candy pop
The Go-Go's,girl group
The Go-Go's,jangle pop
The Go-Go's,mellow gold
The Go-Go's,new romantic
The Go-Go's,new wave
The Go-Go's,new wave pop
The Go-Go's,permanent wave
The Go-Go's,pop rock
The Go-Go's,power pop
The Go-Go's,rock
The Go-Go's,soft rock
The Go-Go's,synthpop
Kris Kristofferson,country rock
Kris Kristofferson,folk
Kris Kristofferson,folk rock
Kris Kristofferson,mellow gold
Kris Kristofferson,outlaw country
Kris Kristofferson,roots rock
Kris Kristofferson,singer-songwriter
Janet Jackson,dance pop
Janet Jackson,hip pop
Janet Jackson,neo soul
Janet Jackson,new jack swing
Janet Jackson,r&b
Janet Jackson,urban contemporary
Curtis Mayfield,chicago soul
Curtis Mayfield,classic soul
Curtis Mayfield,funk
Curtis Mayfield,soul
Tammy Wynette,country
Tammy Wynette,country dawn
Tammy Wynette,country rock
Tammy Wynette,nashville sound
Peter Gabriel,album rock
Peter Gabriel,art rock
Peter Gabriel,classic rock
Peter Gabriel,mellow gold
Peter Gabriel,permanent wave
Peter Gabriel,rock
Peter Gabriel,soft rock
Peter Gabriel,symphonic rock
The Animals,album rock
The Animals,blues rock
The Animals,british invasion
The Animals,classic rock
The Animals,folk rock
The Animals,protopunk
The Animals,psychedelic rock
The Animals,rock
Gladys Knight & The Pips,brill building pop
Gladys Knight & The Pips,classic soul
Gladys Knight & The Pips,disco
Gladys Knight & The Pips,funk
Gladys Knight & The Pips,motown
Gladys Knight & The Pips,quiet storm
Gladys Knight & The Pips,soul
Gladys Knight & The Pips,southern soul
The Chicks,country
The Chicks,country dawn
Mazzy Star,alternative rock
Mazzy Star,art pop
Mazzy Star,dream pop
Mazzy Star,melancholia
Mazzy Star,shoegaze
Mazzy Star,slowcore
Nirvana,alternative rock
Nirvana,grunge
Nirvana,permanent wave
Nirvana,rock
Luther Vandross,funk
Luther Vandross,motown
Luther Vandross,neo soul
Luther Vandross,new jack swing
Luther Vandross,quiet storm
Luther Vandross,r&b
Luther Vandross,soul
Luther Vandross,urban contemporary
Daft Punk,electro
Daft Punk,filter house
Joni Mitchell,canadian singer-songwriter
Joni Mitchell,folk
Joni Mitchell,folk rock
Joni Mitchell,lilith
Joni Mitchell,mellow gold
Joni Mitchell,singer-songwriter
John Lee Hooker,blues
John Lee Hooker,blues rock
John Lee Hooker,classic rock
John Lee Hooker,delta blues
John Lee Hooker,electric blues
John Lee Hooker,memphis blues
John Lee Hooker,modern blues
John Lee Hooker,soul
John Lee Hooker,traditional blues
Van Morrison,classic rock
Van Morrison,folk
Van Morrison,folk rock
Van Morrison,mellow gold
Van Morrison,rock
Van Morrison,roots rock
Van Morrison,singer-songwriter
Van Morrison,soft rock
Roy Orbison,adult standards
Roy Orbison,brill building pop
Roy Orbison,bubblegum pop
Roy Orbison,classic rock
Roy Orbison,mellow gold
Roy Orbison,rock-and-roll
Roy Orbison,rockabilly
Steel Pulse,dub
Steel Pulse,modern reggae
Steel Pulse,reggae
Steel Pulse,roots reggae
Steel Pulse,uk reggae
Sade,british soul
Sade,neo soul
Sade,sophisti-pop
Beck,alternative rock
Beck,anti-folk
Beck,indie rock
Beck,modern rock
Beck,permanent wave
Beck,rock
Bon Jovi,glam metal
Bon Jovi,rock
Lana Del Rey,art pop
Lana Del Rey,pop
Jefferson Airplane,acid rock
Jefferson Airplane,classic rock
Jefferson Airplane,folk rock
Jefferson Airplane,psychedelic rock
Jefferson Airplane,rock
Sister Nancy,dub
Sister Nancy,reggae
Missy Elliott,dance pop
Missy Elliott,hip hop
Missy Elliott,hip pop
Missy Elliott,pop
Missy Elliott,pop rap
Missy Elliott,r&b
Missy Elliott,rap
Missy Elliott,urban contemporary
Missy Elliott,virginia hip hop
TOTO,album rock
TOTO,classic rock
TOTO,mellow gold
TOTO,rock
TOTO,soft rock
TOTO,yacht rock
Migos,atl hip hop
Migos,rap
Migos,trap
Neil Young,album rock
Neil Young,canadian singer-songwriter
Neil Young,classic canadian rock
Neil Young,classic rock
Neil Young,mellow gold
Neil Young,permanent wave
Neil Young,rock
Neil Young,roots rock
Neil Young,singer-songwriter
Blue Öyster Cult,album rock
Blue Öyster Cult,art rock
Blue Öyster Cult,classic rock
Blue Öyster Cult,hard rock
Blue Öyster Cult,metal
Blue Öyster Cult,rock
Blue Öyster Cult,soft rock
Erykah Badu,afrofuturism
Erykah Badu,hip hop
Erykah Badu,neo soul
Erykah Badu,r&b
Erykah Badu,urban contemporary
The Beatles,beatlesque
The Beatles,british invasion
The Beatles,classic rock
The Beatles,merseybeat
The Beatles,psychedelic rock
The Beatles,rock
Bruce Springsteen,classic rock
Bruce Springsteen,heartland rock
Bruce Springsteen,mellow gold
Bruce Springsteen,permanent wave
Bruce Springsteen,rock
Bruce Springsteen,singer-songwriter
T. Rex,art rock
T. Rex,classic rock
T. Rex,folk rock
T. Rex,glam rock
T. Rex,protopunk
T. Rex,psychedelic rock
T. Rex,rock
50 Cent,east coast hip hop
50 Cent,gangster rap
50 Cent,hip hop
50 Cent,pop rap
50 Cent,queens hip hop
50 Cent,rap
Fall Out Boy,emo
Fall Out Boy,modern rock
Fall Out Boy,rock
Motörhead,album rock
Motörhead,alternative metal
Motörhead,hard rock
Motörhead,metal
Motörhead,rock
Motörhead,speed metal
Miranda Lambert,contemporary country
Miranda Lambert,country
Miranda Lambert,country dawn
Miranda Lambert,country road
Alicia Keys,hip pop
Alicia Keys,neo soul
Alicia Keys,pop
Alicia Keys,r&b
Alicia Keys,urban contemporary
Celia Cruz,cha-cha-cha
Celia Cruz,cuban rumba
Celia Cruz,latin
Celia Cruz,mambo
Celia Cruz,musica tradicional cubana
Celia Cruz,salsa
Celia Cruz,tropical
Beyoncé,dance pop
Beyoncé,pop
Beyoncé,r&b
Lucinda Williams,alternative country
Lucinda Williams,country rock
Lucinda Williams,folk
Lucinda Williams,folk rock
Lucinda Williams,heartland rock
Lucinda Williams,lilith
Lucinda Williams,mellow gold
Lucinda Williams,new americana
Lucinda Williams,outlaw country
Lucinda Williams,roots rock
Lucinda Williams,singer-songwriter
Carly Rae Jepsen,canadian pop
Carly Rae Jepsen,dance pop
Carly Rae Jepsen,electropop
Carly Rae Jepsen,indie poptimism
Carly Rae Jepsen,pop
Carly Rae Jepsen,post-teen pop
Rush,album rock
Rush,art rock
Rush,canadian metal
Rush,classic canadian rock
Rush,classic rock
Rush,hard rock
Rush,metal
Rush,progressive rock
Rush,rock
Ramones,classic rock
Ramones,early us punk
Ramones,permanent wave
Ramones,punk
Ramones,rock
Ramones,skate punk
Pet Shop Boys,art pop
Pet Shop Boys,dance rock
Pet Shop Boys,europop
Pet Shop Boys,new romantic
Pet Shop Boys,new wave
Pet Shop Boys,new wave pop
Pet Shop Boys,permanent wave
Pet Shop Boys,synthpop
Eddie Cochran,adult standards
Eddie Cochran,brill building pop
Eddie Cochran,rock-and-roll
Eddie Cochran,rockabilly
Prince,funk
Prince,funk rock
Prince,minneapolis sound
Prince,synth funk
Pete Rock & C.L. Smooth,alternative hip hop
Pete Rock & C.L. Smooth,east coast hip hop
Pete Rock & C.L. Smooth,gangster rap
Pete Rock & C.L. Smooth,hardcore hip hop
Pete Rock & C.L. Smooth,hip hop
Pete Rock & C.L. Smooth,jazz rap
Pete Rock & C.L. Smooth,turntablism
Queen,classic rock
Queen,glam rock
Queen,rock
Harry Styles,pop
The Sugarhill Gang,east coast hip hop
The Sugarhill Gang,electro
The Sugarhill Gang,funk
The Sugarhill Gang,hip hop
The Sugarhill Gang,hip house
The Sugarhill Gang,new jersey rap
The Sugarhill Gang,old school hip hop
The Sugarhill Gang,rap
Nicki Minaj,dance pop
Nicki Minaj,hip pop
Nicki Minaj,pop
Nicki Minaj,pop rap
Nicki Minaj,queens hip hop
Muddy Waters,blues
Muddy Waters,blues rock
Muddy Waters,chicago blues
Muddy Waters,classic rock
Muddy Waters,electric blues
Muddy Waters,soul
Muddy Waters,traditional blues
Blackstreet,boy band
Blackstreet,dance pop
Blackstreet,hip hop
Blackstreet,hip pop
Blackstreet,neo soul
Blackstreet,new jack swing
Blackstreet,pop rap
Blackstreet,quiet storm
Blackstreet,r&b
Blackstreet,rap
Blackstreet,urban contemporary
Fiona Apple,art pop
Fiona Apple,chamber pop
Fiona Apple,indie pop
Fiona Apple,lilith
Fiona Apple,permanent wave
Fiona Apple,piano rock
Fiona Apple,pop rock
Fiona Apple,singer-songwriter
Craig Mack,gangster rap
Craig Mack,hardcore hip hop
Craig Mack,hip hop
Craig Mack,hip pop
Craig Mack,rap
The Smiths,madchester
The Smiths,new wave
The Smiths,permanent wave
The Smiths,rock
The Smiths,uk post-punk
The Mamas & The Papas,brill building pop
The Mamas & The Papas,bubblegum pop
The Mamas & The Papas,classic rock
The Mamas & The Papas,folk rock
The Mamas & The Papas,mellow gold
The Mamas & The Papas,psychedelic rock
The Mamas & The Papas,rock
The Mamas & The Papas,soft rock
The Mamas & The Papas,sunshine pop
Mariah Carey,dance pop
Mariah Carey,pop
Mariah Carey,r&b
Mariah Carey,urban contemporary
Booker T. & the M.G.'s,classic rock
Booker T. & the M.G.'s,classic soul
Booker T. & the M.G.'s,funk
Booker T. & the M.G.'s,instrumental funk
Booker T. & the M.G.'s,instrumental soul
Booker T. & the M.G.'s,memphis soul
Booker T. & the M.G.'s,soul
Booker T. & the M.G.'s,southern soul
Mark Ronson,dance pop
Mark Ronson,pop
Pearl Jam,grunge
Pearl Jam,permanent wave
Pearl Jam,rock
Depeche Mode,dance rock
Depeche Mode,new romantic
Depeche Mode,new wave
Depeche Mode,permanent wave
Depeche Mode,synthpop
Blondie,candy pop
Blondie,new wave
Blondie,new wave pop
Blondie,permanent wave
Blondie,power pop
Blondie,rock
Them,blues rock
Them,british blues
Them,british invasion
Them,classic garage rock
Them,classic rock
Them,folk rock
Them,protopunk
Them,psychedelic rock
Them,rock
Them,rock-and-roll
Them,roots rock
Neneh Cherry,new wave pop
Neneh Cherry,urban contemporary
Wilco,alternative country
Wilco,alternative rock
Wilco,chicago indie
Wilco,indie pop
Wilco,indie rock
Wilco,pop rock
Wilco,rock
Wilco,roots rock
Wilco,stomp and holler
Allman Brothers Band,album rock
Allman Brothers Band,blues rock
Allman Brothers Band,classic rock
Allman Brothers Band,country rock
Allman Brothers Band,double drumming
Allman Brothers Band,electric blues
Allman Brothers Band,folk rock
Allman Brothers Band,hard rock
Allman Brothers Band,jam band
Allman Brothers Band,mellow gold
Allman Brothers Band,rock
Allman Brothers Band,roots rock
Allman Brothers Band,soft rock
Allman Brothers Band,southern rock
Foo Fighters,alternative metal
Foo Fighters,alternative rock
Foo Fighters,modern rock
Foo Fighters,permanent wave
Foo Fighters,post-grunge
Foo Fighters,rock
Yusuf / Cat Stevens,british folk
Yusuf / Cat Stevens,classic rock
Yusuf / Cat Stevens,folk
Yusuf / Cat Stevens,folk rock
Yusuf / Cat Stevens,mellow gold
Yusuf / Cat Stevens,rock
Yusuf / Cat Stevens,singer-songwriter
Yusuf / Cat Stevens,soft rock
Lynyrd Skynyrd,album rock
Lynyrd Skynyrd,blues rock
Lynyrd Skynyrd,classic rock
Lynyrd Skynyrd,country rock
Lynyrd Skynyrd,hard rock
Lynyrd Skynyrd,mellow gold
Lynyrd Skynyrd,rock
Lynyrd Skynyrd,southern rock
Run–D.M.C.,east coast hip hop
Run–D.M.C.,golden age hip hop
Run–D.M.C.,hardcore hip hop
Run–D.M.C.,hip hop
Run–D.M.C.,hip house
Run–D.M.C.,old school hip hop
Run–D.M.C.,queens hip hop
Run–D.M.C.,rap
Selena,latin pop
Selena,mexican pop
Selena,tejano
KISS,album rock
KISS,classic rock
KISS,glam rock
KISS,hard rock
KISS,metal
KISS,rock
Rufus,classic soul
Rufus,disco
Rufus,funk
Rufus,motown
Rufus,post-disco
Rufus,quiet storm
Rufus,soul
Rufus,urban contemporary
Bill Withers,funk
Bill Withers,motown
Bill Withers,quiet storm
Bill Withers,soul
Fleetwood Mac,album rock
Fleetwood Mac,classic rock
Fleetwood Mac,mellow gold
Fleetwood Mac,rock
Fleetwood Mac,soft rock
Fleetwood Mac,yacht rock
David Bowie,art rock
David Bowie,classic rock
David Bowie,glam rock
David Bowie,permanent wave
David Bowie,rock
Sylvester,disco
Sylvester,hi-nrg
Sylvester,post-disco
Duran Duran,dance rock
Duran Duran,new romantic
Duran Duran,new wave
Duran Duran,new wave pop
Duran Duran,rock
Duran Duran,synthpop
Public Enemy,conscious hip hop
Public Enemy,east coast hip hop
Public Enemy,gangster rap
Public Enemy,golden age hip hop
Public Enemy,hardcore hip hop
Public Enemy,hip hop
Public Enemy,old school hip hop
Public Enemy,political hip hop
Public Enemy,rap
Elvis Costello,art rock
Elvis Costello,folk
Elvis Costello,folk rock
Elvis Costello,mellow gold
Elvis Costello,new wave pop
Elvis Costello,permanent wave
Elvis Costello,power pop
Elvis Costello,pub rock
Elvis Costello,rock
Elvis Costello,roots rock
Elvis Costello,singer-songwriter
Afrika Bambaataa,bronx hip hop
Afrika Bambaataa,east coast hip hop
Afrika Bambaataa,electro
Afrika Bambaataa,hip hop
Afrika Bambaataa,hip house
Afrika Bambaataa,old school hip hop
Afrika Bambaataa,rap
Jeff Buckley,melancholia
Jeff Buckley,permanent wave
Jeff Buckley,rock
Jeff Buckley,singer-songwriter
James Brown,funk
James Brown,motown
James Brown,soul
Coldplay,permanent wave
Coldplay,pop
Eric Church,contemporary country
Eric Church,country
Eric Church,country road
Metallica,hard rock
Metallica,metal
Metallica,old school thrash
Metallica,rock
Metallica,thrash metal
Pretenders,album rock
Pretenders,art rock
Pretenders,classic rock
Pretenders,folk rock
Pretenders,heartland rock
Pretenders,lilith
Pretenders,mellow gold
Pretenders,new romantic
Pretenders,new wave
Pretenders,new wave pop
Pretenders,permanent wave
Pretenders,pop rock
Pretenders,rock
Pretenders,soft rock
DMX,east coast hip hop
DMX,gangster rap
DMX,hardcore hip hop
DMX,hip hop
DMX,pop rap
DMX,rap
New York Dolls,early us punk
New York Dolls,glam punk
New York Dolls,glam rock
New York Dolls,post-punk
New York Dolls,protopunk
New York Dolls,pub rock
New York Dolls,punk
New York Dolls,punk blues
The Kinks,album rock
The Kinks,art rock
The Kinks,british invasion
The Kinks,classic rock
The Kinks,folk rock
The Kinks,glam rock
The Kinks,mellow gold
The Kinks,protopunk
The Kinks,psychedelic rock
The Kinks,rock
Diana Ross,adult standards
Diana Ross,disco
Diana Ross,motown
Diana Ross,quiet storm
Diana Ross,soft rock
Diana Ross,soul
Cardi B,dance pop
Cardi B,pop
Cardi B,pop rap
Cardi B,rap
Childish Gambino,atl hip hop
Childish Gambino,hip hop
Childish Gambino,pop
Childish Gambino,pop rap
Childish Gambino,rap
Fiona Apple,art pop
Fiona Apple,chamber pop
Fiona Apple,indie pop
Fiona Apple,lilith
Fiona Apple,permanent wave
Fiona Apple,piano rock
Fiona Apple,pop rock
Fiona Apple,singer-songwriter
The Slits,alternative rock
The Slits,experimental
The Slits,no wave
The Slits,post-punk
The Slits,punk
The Slits,riot grrrl
The Slits,uk post-punk
Fountains Of Wayne,alternative rock
Fountains Of Wayne,pop rock
Fountains Of Wayne,power pop
D'Angelo,alternative r&b
D'Angelo,hip hop
D'Angelo,indie soul
D'Angelo,neo soul
D'Angelo,soul
The Killers,alternative rock
The Killers,dance rock
The Killers,modern rock
The Killers,permanent wave
The Killers,rock
The Cure,new wave
The Cure,permanent wave
The Cure,rock
The Cure,uk post-punk
Merle Haggard,bakersfield sound
Merle Haggard,country
Merle Haggard,country rock
Merle Haggard,nashville sound
Merle Haggard,outlaw country
The Drifters,adult standards
The Drifters,brill building pop
The Drifters,bubblegum pop
The Drifters,motown
The Drifters,rock-and-roll
The Drifters,rockabilly
The Drifters,soul
William DeVaughn,classic soul
William DeVaughn,philly soul
William DeVaughn,quiet storm
William DeVaughn,soul
Drake,canadian hip hop
Drake,canadian pop
Drake,hip hop
Drake,rap
Drake,toronto rap
Bonnie Raitt,classic rock
Bonnie Raitt,country rock
Bonnie Raitt,electric blues
Bonnie Raitt,folk
Bonnie Raitt,folk rock
Bonnie Raitt,heartland rock
Bonnie Raitt,lilith
Bonnie Raitt,mellow gold
Bonnie Raitt,rock
Bonnie Raitt,roots rock
Bonnie Raitt,singer-songwriter
Bonnie Raitt,soft rock
Elton John,glam rock
Elton John,mellow gold
Elton John,piano rock
Buddy Holly,adult standards
Buddy Holly,brill building pop
Buddy Holly,bubblegum pop
Buddy Holly,classic rock
Buddy Holly,rock-and-roll
Buddy Holly,rockabilly
The Cars,album rock
The Cars,art rock
The Cars,classic rock
The Cars,hard rock
The Cars,mellow gold
The Cars,new romantic
The Cars,new wave
The Cars,new wave pop
The Cars,permanent wave
The Cars,pop rock
The Cars,power pop
The Cars,rock
The Cars,soft rock
Soundgarden,alternative metal
Soundgarden,alternative rock
Soundgarden,blues rock
Soundgarden,classic rock
Soundgarden,grunge
Soundgarden,hard rock
Soundgarden,modern rock
Soundgarden,nu metal
Soundgarden,rock
Frank Ocean,alternative r&b
Frank Ocean,hip hop
Frank Ocean,lgbtq+ hip hop
Frank Ocean,neo soul
Frank Ocean,pop
The Crystals,adult standards
The Crystals,brill building pop
The Crystals,bubblegum pop
The Crystals,classic girl group
The Crystals,motown
The Crystals,rock-and-roll
The Crystals,rockabilly
The Crystals,soul
Sex Pistols,punk
Sex Pistols,rock
Grateful Dead,classic rock
Grateful Dead,cosmic american
Grateful Dead,country rock
Grateful Dead,double drumming
Grateful Dead,folk rock
Grateful Dead,jam band
Grateful Dead,psychedelic rock
Grateful Dead,rock
Bob Marley & The Wailers,reggae
Bob Marley & The Wailers,roots reggae
Kacey Musgraves,contemporary country
Kacey Musgraves,country dawn
Kacey Musgraves,pop
Kacey Musgraves,texas country
Jimmy Cliff,dub
Jimmy Cliff,reggae
Jimmy Cliff,roots reggae
Jimmy Cliff,ska
Prince,funk
Prince,funk rock
Prince,minneapolis sound
Prince,synth funk
Fugees,east coast hip hop
Fugees,gangster rap
Fugees,hip hop
Fugees,new jersey rap
Fugees,rap
Patti Smith,art punk
Patti Smith,art rock
Patti Smith,folk rock
Patti Smith,permanent wave
Patti Smith,protopunk
Patti Smith,rock
Taylor Swift,pop
Cheap Trick,album rock
Cheap Trick,art rock
Cheap Trick,beatlesque
Cheap Trick,classic rock
Cheap Trick,glam metal
Cheap Trick,glam rock
Cheap Trick,hard rock
Cheap Trick,heartland rock
Cheap Trick,mellow gold
Cheap Trick,new wave pop
Cheap Trick,power pop
Cheap Trick,rock
Cheap Trick,soft rock
Thelma Houston,disco
Thelma Houston,diva house
Thelma Houston,motown
Thelma Houston,post-disco
Michael Jackson,pop
Michael Jackson,r&b
Michael Jackson,soul
Eurythmics,art rock
Eurythmics,dance rock
Eurythmics,europop
Eurythmics,mellow gold
Eurythmics,new romantic
Eurythmics,new wave
Eurythmics,new wave pop
Eurythmics,rock
Eurythmics,soft rock
Eurythmics,sophisti-pop
Eurythmics,synthpop
Ice Cube,conscious hip hop
Ice Cube,g funk
Ice Cube,gangster rap
Ice Cube,hip hop
Ice Cube,rap
Ice Cube,west coast rap
Jorge Ben Jor,bossa nova
Jorge Ben Jor,manguebeat
Jorge Ben Jor,mpb
Jorge Ben Jor,pagode
Jorge Ben Jor,samba
Jorge Ben Jor,samba-rock
Jorge Ben Jor,tropicalia
John Prine,alternative country
John Prine,country rock
John Prine,folk
John Prine,folk rock
John Prine,mellow gold
John Prine,new americana
John Prine,roots rock
John Prine,singer-songwriter
The Zombies,baroque pop
The Zombies,british invasion
The Zombies,bubblegum pop
The Zombies,classic rock
The Zombies,folk rock
The Zombies,psychedelic rock
The Zombies,rock
Roxy Music,album rock
Roxy Music,art rock
Roxy Music,classic rock
Roxy Music,glam rock
Roxy Music,melancholia
Roxy Music,mellow gold
Roxy Music,new romantic
Roxy Music,new wave
Roxy Music,new wave pop
Roxy Music,rock
Roxy Music,soft rock
Roxy Music,sophisti-pop
Elvis Presley,rock-and-roll
Elvis Presley,rockabilly
BTS,k-pop
BTS,k-pop boy group
Carole King,adult standards
Carole King,brill building pop
Carole King,classic rock
Carole King,folk
Carole King,folk rock
Carole King,mellow gold
Carole King,rock
Carole King,singer-songwriter
Carole King,soft rock
Black Sabbath,album rock
Black Sabbath,birmingham metal
Black Sabbath,classic rock
Black Sabbath,hard rock
Black Sabbath,metal
Black Sabbath,rock
Black Sabbath,stoner rock
Black Sabbath,uk doom metal
The Doobie Brothers,album rock
The Doobie Brothers,blues rock
The Doobie Brothers,classic rock
The Doobie Brothers,country rock
The Doobie Brothers,folk rock
The Doobie Brothers,hard rock
The Doobie Brothers,heartland rock
The Doobie Brothers,mellow gold
The Doobie Brothers,rock
The Doobie Brothers,soft rock
The Doobie Brothers,yacht rock
Chuck Berry,blues rock
Chuck Berry,classic rock
Chuck Berry,rock
Chuck Berry,rock-and-roll
Chuck Berry,rockabilly
Chuck Berry,soul
The Monkees,beatlesque
The Monkees,brill building pop
The Monkees,bubblegum pop
The Monkees,classic rock
The Monkees,country rock
The Monkees,folk rock
The Monkees,mellow gold
The Monkees,psychedelic rock
The Monkees,rock
The Monkees,rock-and-roll
The Monkees,soft rock
The Monkees,sunshine pop
The Clash,classic rock
The Clash,permanent wave
The Clash,punk
The Clash,rock
Prince,funk
Prince,funk rock
Prince,minneapolis sound
Prince,synth funk
Black Sabbath,album rock
Black Sabbath,birmingham metal
Black Sabbath,classic rock
Black Sabbath,hard rock
Black Sabbath,metal
Black Sabbath,rock
Black Sabbath,stoner rock
Black Sabbath,uk doom metal
Cher,dance pop
Cher,hollywood
Cher,new wave pop
Cher,pop
Daryl Hall & John Oates,album rock
Daryl Hall & John Oates,classic rock
Daryl Hall & John Oates,mellow gold
Daryl Hall & John Oates,rock
Daryl Hall & John Oates,soft rock
Daryl Hall & John Oates,yacht rock
Marshall Jefferson,acid house
Marshall Jefferson,chicago house
Marshall Jefferson,classic house
Marshall Jefferson,hip house
Grateful Dead,classic rock
Grateful Dead,cosmic american
Grateful Dead,country rock
Grateful Dead,double drumming
Grateful Dead,folk rock
Grateful Dead,jam band
Grateful Dead,psychedelic rock
Grateful Dead,rock
The Temptations,brill building pop
The Temptations,classic soul
The Temptations,funk
The Temptations,memphis soul
The Temptations,motown
The Temptations,soul
Rihanna,barbadian pop
Rihanna,dance pop
Rihanna,pop
Rihanna,pop rap
Rihanna,urban contemporary
The Marvelettes,brill building pop
The Marvelettes,classic girl group
The Marvelettes,classic soul
The Marvelettes,motown
The Marvelettes,rhythm and blues
The Marvelettes,rock-and-roll
The Marvelettes,soul
The Marvelettes,southern soul
The Notorious B.I.G.,east coast hip hop
The Notorious B.I.G.,gangster rap
The Notorious B.I.G.,hardcore hip hop
The Notorious B.I.G.,hip hop
The Notorious B.I.G.,rap
Bad Bunny,latin
Bad Bunny,reggaeton
Bad Bunny,trap latino
Red Hot Chili Peppers,alternative rock
Red Hot Chili Peppers,funk metal
Red Hot Chili Peppers,funk rock
Red Hot Chili Peppers,permanent wave
Mary J. Blige,dance pop
Mary J. Blige,hip pop
Mary J. Blige,neo soul
Mary J. Blige,r&b
Mary J. Blige,urban contemporary
Rilo Kiley,anti-folk
Rilo Kiley,indie pop
Rilo Kiley,indie rock
Rilo Kiley,la indie
Rilo Kiley,lilith
Iggy Pop,alternative rock
Iggy Pop,classic rock
Iggy Pop,glam rock
Iggy Pop,new wave
Iggy Pop,permanent wave
Iggy Pop,post-punk
Iggy Pop,protopunk
Iggy Pop,punk
Iggy Pop,rock
Billy Joel,classic rock
Billy Joel,folk rock
Billy Joel,mellow gold
Billy Joel,piano rock
Billy Joel,rock
Billy Joel,singer-songwriter
Billy Joel,soft rock
The Everly Brothers,adult standards
The Everly Brothers,brill building pop
The Everly Brothers,bubblegum pop
The Everly Brothers,mellow gold
The Everly Brothers,rock-and-roll
The Everly Brothers,rockabilly
The Everly Brothers,sunshine pop
Neil Young,album rock
Neil Young,canadian singer-songwriter
Neil Young,classic canadian rock
Neil Young,classic rock
Neil Young,mellow gold
Neil Young,permanent wave
Neil Young,rock
Neil Young,roots rock
Neil Young,singer-songwriter
U2,irish rock
U2,permanent wave
U2,rock
2Pac,g funk
2Pac,gangster rap
2Pac,hip hop
2Pac,rap
2Pac,west coast rap
Tears For Fears,new romantic
Tears For Fears,new wave
Tears For Fears,new wave pop
Tears For Fears,permanent wave
Tears For Fears,rock
Tears For Fears,soft rock
Tears For Fears,sophisti-pop
Tears For Fears,synthpop
Big Mama Thornton,acoustic blues
Big Mama Thornton,blues
Big Mama Thornton,electric blues
Big Mama Thornton,harmonica blues
Big Mama Thornton,rhythm and blues
Big Mama Thornton,texas blues
Big Mama Thornton,traditional blues
Bob Dylan,classic rock
Bob Dylan,country rock
Bob Dylan,folk
Bob Dylan,folk rock
Bob Dylan,mellow gold
Bob Dylan,rock
Bob Dylan,roots rock
Bob Dylan,singer-songwriter
The Shangri-Las,brill building pop
The Shangri-Las,classic girl group
John Coltrane,bebop
John Coltrane,free jazz
John Coltrane,jazz
John Coltrane,jazz saxophone
The Stooges,alternative rock
The Stooges,classic rock
The Stooges,detroit rock
The Stooges,garage rock
The Stooges,permanent wave
The Stooges,post-punk
The Stooges,protopunk
The Stooges,punk
The Stooges,punk blues
The Stooges,rock
Smokey Robinson & The Miracles,brill building pop
Smokey Robinson & The Miracles,classic soul
Smokey Robinson & The Miracles,funk
Smokey Robinson & The Miracles,motown
Smokey Robinson & The Miracles,quiet storm
Smokey Robinson & The Miracles,rock-and-roll
Smokey Robinson & The Miracles,soul
Smokey Robinson & The Miracles,southern soul
Isaac Hayes,classic soul
Isaac Hayes,disco
Isaac Hayes,funk
Isaac Hayes,jazz funk
Isaac Hayes,memphis soul
Isaac Hayes,motown
Isaac Hayes,quiet storm
Isaac Hayes,soul
Isaac Hayes,southern soul
Eagles,album rock
Eagles,classic rock
Eagles,country rock
Eagles,folk rock
Eagles,heartland rock
Eagles,mellow gold
Eagles,rock
Eagles,soft rock
Eagles,yacht rock
The Doors,acid rock
The Doors,classic rock
The Doors,psychedelic rock
The Doors,rock
Bill Withers,funk
Bill Withers,motown
Bill Withers,quiet storm
Bill Withers,soul
Liz Phair,alternative pop
Liz Phair,alternative rock
Liz Phair,anti-folk
Liz Phair,candy pop
Liz Phair,lilith
Liz Phair,new wave pop
Liz Phair,permanent wave
Liz Phair,pop rock
Gnarls Barkley,atl hip hop
Gnarls Barkley,neo soul
Aretha Franklin,classic soul
Aretha Franklin,jazz blues
Aretha Franklin,memphis soul
Aretha Franklin,soul
Aretha Franklin,southern soul
The Police,album rock
The Police,art rock
The Police,classic rock
The Police,mellow gold
The Police,new wave
The Police,permanent wave
The Police,rock
The Police,soft rock
Kraftwerk,dusseldorf electronic
Kraftwerk,early synthpop
Kraftwerk,electro
Kraftwerk,krautrock
Kraftwerk,new romantic
Kraftwerk,new wave
Kraftwerk,proto-techno
Kraftwerk,synthpop
TLC,atl hip hop
TLC,dance pop
TLC,girl group
TLC,hip hop
TLC,hip pop
TLC,new jack swing
TLC,pop
TLC,r&b
TLC,urban contemporary
Pink Floyd,album rock
Pink Floyd,art rock
Pink Floyd,classic rock
Pink Floyd,progressive rock
Pink Floyd,psychedelic rock
Pink Floyd,rock
Pink Floyd,symphonic rock
Bob Seger,album rock
Bob Seger,blues rock
Bob Seger,classic rock
Bob Seger,country rock
Bob Seger,detroit rock
Bob Seger,folk rock
Bob Seger,hard rock
Bob Seger,heartland rock
Bob Seger,mellow gold
Bob Seger,rock
Bob Seger,soft rock
The B-52's,art rock
The B-52's,dance rock
The B-52's,new romantic
The B-52's,new wave
The B-52's,new wave pop
The B-52's,permanent wave
The B-52's,post-punk
The B-52's,rock
The B-52's,zolo
Screamin' Jay Hawkins,blues
Screamin' Jay Hawkins,traditional blues
Bruce Springsteen,classic rock
Bruce Springsteen,heartland rock
Bruce Springsteen,mellow gold
Bruce Springsteen,permanent wave
Bruce Springsteen,rock
Bruce Springsteen,singer-songwriter
The Beach Boys,baroque pop
The Beach Boys,brill building pop
The Beach Boys,classic rock
The Beach Boys,psychedelic rock
The Beach Boys,rock
The Beach Boys,sunshine pop
Bikini Kill,olympia wa indie
Bikini Kill,riot grrrl
The Who,album rock
The Who,art rock
The Who,blues rock
The Who,british invasion
The Who,classic rock
The Who,hard rock
The Who,mellow gold
The Who,psychedelic rock
The Who,rock
The Velvet Underground,alternative rock
The Velvet Underground,art rock
The Velvet Underground,classic rock
The Velvet Underground,folk rock
The Velvet Underground,melancholia
The Velvet Underground,permanent wave
The Velvet Underground,protopunk
The Velvet Underground,psychedelic rock
The Velvet Underground,rock
Alice Cooper,album rock
Alice Cooper,blues rock
Alice Cooper,classic rock
Alice Cooper,detroit rock
Alice Cooper,glam metal
Alice Cooper,glam rock
Alice Cooper,hard rock
Alice Cooper,metal
Alice Cooper,protopunk
Alice Cooper,rock
A Tribe Called Quest,alternative hip hop
A Tribe Called Quest,conscious hip hop
A Tribe Called Quest,east coast hip hop
A Tribe Called Quest,gangster rap
A Tribe Called Quest,golden age hip hop
A Tribe Called Quest,hardcore hip hop
A Tribe Called Quest,hip hop
A Tribe Called Quest,jazz rap
A Tribe Called Quest,queens hip hop
A Tribe Called Quest,rap
Phil Collins,mellow gold
Phil Collins,rock drums
Phil Collins,soft rock
Usher,atl hip hop
Usher,dance pop
Usher,pop
Usher,r&b
Usher,south carolina hip hop
Usher,urban contemporary
Bruce Springsteen,classic rock
Bruce Springsteen,heartland rock
Bruce Springsteen,mellow gold
Bruce Springsteen,permanent wave
Bruce Springsteen,rock
Bruce Springsteen,singer-songwriter
Funky 4 + 1,bronx hip hop
Funky 4 + 1,old school hip hop
AC/DC,australian rock
AC/DC,hard rock
AC/DC,rock
ABBA,europop
ABBA,swedish pop
Destiny's Child,dance pop
Destiny's Child,girl group
Destiny's Child,hip pop
Destiny's Child,pop
Destiny's Child,r&b
Destiny's Child,urban contemporary
Leonard Cohen,canadian singer-songwriter
Leonard Cohen,folk
Leonard Cohen,folk rock
Leonard Cohen,melancholia
Leonard Cohen,permanent wave
Leonard Cohen,singer-songwriter
Ray Charles,adult standards
Ray Charles,classic soul
Ray Charles,jazz blues
Ray Charles,piano blues
Ray Charles,soul
Ray Charles,soul blues
Ray Charles,vocal jazz
INXS,australian rock
INXS,classic rock
INXS,dance rock
INXS,funk rock
INXS,mellow gold
INXS,new romantic
INXS,new wave
INXS,new wave pop
INXS,rock
INXS,soft rock
Clipse,alternative hip hop
Clipse,dirty south rap
Clipse,gangster rap
Clipse,hardcore hip hop
Clipse,hip hop
Clipse,rap
Clipse,southern hip hop
Clipse,trap
Clipse,virginia hip hop
The Beatles,beatlesque
The Beatles,british invasion
The Beatles,classic rock
The Beatles,merseybeat
The Beatles,psychedelic rock
The Beatles,rock
Radiohead,alternative rock
Radiohead,art rock
Radiohead,melancholia
Radiohead,oxford indie
Radiohead,permanent wave
Radiohead,rock
Toots & The Maytals,reggae
Toots & The Maytals,rock steady
Toots & The Maytals,ska
Bo Diddley,blues
Bo Diddley,blues rock
Bo Diddley,chicago blues
Bo Diddley,classic rock
Bo Diddley,electric blues
Bo Diddley,funk
Bo Diddley,rhythm and blues
Bo Diddley,rock-and-roll
Bo Diddley,rockabilly
Bo Diddley,soul
Bo Diddley,traditional blues
Buzzcocks,alternative rock
Buzzcocks,hardcore punk
Buzzcocks,madchester
Buzzcocks,new wave
Buzzcocks,post-punk
Buzzcocks,pub rock
Buzzcocks,punk
Randy Newman,disney
Randy Newman,movie tunes
Randy Newman,singer-songwriter
Al Green,classic soul
Al Green,funk
Al Green,memphis soul
Al Green,quiet storm
Al Green,soul
Al Green,soul blues
Al Green,southern soul
Roberta Flack,adult standards
Roberta Flack,classic soul
Roberta Flack,disco
Roberta Flack,funk
Roberta Flack,mellow gold
Roberta Flack,motown
Roberta Flack,quiet storm
Roberta Flack,soft rock
Roberta Flack,soul
Roberta Flack,vocal jazz
Thin Lizzy,album rock
Thin Lizzy,blues rock
Thin Lizzy,classic rock
Thin Lizzy,hard rock
Thin Lizzy,irish rock
Thin Lizzy,metal
Thin Lizzy,rock
Procol Harum,album rock
Procol Harum,art rock
Procol Harum,blues rock
Procol Harum,british invasion
Procol Harum,classic rock
Procol Harum,folk rock
Procol Harum,progressive rock
Procol Harum,psychedelic rock
Procol Harum,symphonic rock
Nine Inch Nails,alternative metal
Nine Inch Nails,alternative rock
Nine Inch Nails,cyberpunk
Nine Inch Nails,electronic rock
Nine Inch Nails,industrial
Nine Inch Nails,industrial metal
Nine Inch Nails,industrial rock
Nine Inch Nails,nu metal
Nine Inch Nails,rock
The Righteous Brothers,adult standards
The Righteous Brothers,brill building pop
The Righteous Brothers,bubblegum pop
The Righteous Brothers,folk rock
The Righteous Brothers,mellow gold
The Righteous Brothers,motown
The Righteous Brothers,rock-and-roll
The Righteous Brothers,soul
The Isley Brothers,classic soul
The Isley Brothers,disco
The Isley Brothers,funk
The Isley Brothers,motown
The Isley Brothers,quiet storm
The Isley Brothers,soul
The Isley Brothers,southern soul
Drake,canadian hip hop
Drake,canadian pop
Drake,hip hop
Drake,rap
Drake,toronto rap
King Tubby,dub
King Tubby,reggae
King Tubby,roots reggae
King Tubby,ska
The Replacements,alternative pop
The Replacements,alternative rock
The Replacements,art rock
The Replacements,indie rock
The Replacements,new wave
The Replacements,permanent wave
The Replacements,pop rock
The Replacements,post-punk
The Replacements,power pop
The Replacements,punk
The Replacements,rock
The Replacements,roots rock
Marvin Gaye,classic soul
Marvin Gaye,funk
Marvin Gaye,indie r&b
Marvin Gaye,motown
Marvin Gaye,northern soul
Marvin Gaye,quiet storm
Marvin Gaye,soul
Dolly Parton,classic country pop
Dolly Parton,country
Dolly Parton,country dawn
Paul Simon,classic rock
Paul Simon,folk
Paul Simon,folk rock
Paul Simon,mellow gold
Paul Simon,permanent wave
Paul Simon,rock
Paul Simon,roots rock
Paul Simon,singer-songwriter
Paul Simon,soft rock
Curtis Mayfield,chicago soul
Curtis Mayfield,classic soul
Curtis Mayfield,funk
Curtis Mayfield,soul
The Wailers,dub
The Wailers,reggae
The Wailers,roots reggae
The Wailers,ska
Neil Young,album rock
Neil Young,canadian singer-songwriter
Neil Young,classic canadian rock
Neil Young,classic rock
Neil Young,mellow gold
Neil Young,permanent wave
Neil Young,rock
Neil Young,roots rock
Neil Young,singer-songwriter
Gil Scott-Heron,conscious hip hop
Gil Scott-Heron,funk
Gil Scott-Heron,jazz funk
Gil Scott-Heron,political hip hop
Gil Scott-Heron,slam poetry
Gil Scott-Heron,soul
Martha Reeves & The Vandellas,brill building pop
Martha Reeves & The Vandellas,classic girl group
Martha Reeves & The Vandellas,classic soul
Martha Reeves & The Vandellas,disco
Martha Reeves & The Vandellas,funk
Martha Reeves & The Vandellas,motown
Martha Reeves & The Vandellas,quiet storm
Martha Reeves & The Vandellas,rock-and-roll
Martha Reeves & The Vandellas,soul
Metallica,hard rock
Metallica,metal
Metallica,old school thrash
Metallica,rock
Metallica,thrash metal
Loretta Lynn,country
Loretta Lynn,country rock
Loretta Lynn,nashville sound
The Supremes,brill building pop
The Supremes,classic girl group
The Supremes,disco
The Supremes,motown
The Supremes,quiet storm
The Supremes,soul
Willie Nelson,classic country pop
Willie Nelson,country
Willie Nelson,country rock
Willie Nelson,nashville sound
Willie Nelson,outlaw country
Willie Nelson,singer-songwriter
Willie Nelson,texas country
Parliament,afrofuturism
Parliament,funk
Parliament,funk rock
Parliament,motown
Parliament,p funk
Parliament,soul
Gloria Gaynor,disco
Jimi Hendrix,acid rock
Jimi Hendrix,album rock
Jimi Hendrix,blues rock
Jimi Hendrix,classic rock
Jimi Hendrix,hard rock
Jimi Hendrix,psychedelic rock
Jimi Hendrix,rock
Joan Jett & The Blackhearts,glam punk
Joan Jett & The Blackhearts,rock
N.W.A.,conscious hip hop
N.W.A.,gangster rap
N.W.A.,golden age hip hop
N.W.A.,hardcore hip hop
N.W.A.,hip hop
N.W.A.,old school hip hop
N.W.A.,rap
N.W.A.,west coast rap
Joni Mitchell,canadian singer-songwriter
Joni Mitchell,folk
Joni Mitchell,folk rock
Joni Mitchell,lilith
Joni Mitchell,mellow gold
Joni Mitchell,singer-songwriter
Faces,album rock
Faces,art rock
Faces,blues rock
Faces,classic rock
Faces,country rock
Faces,electric blues
Faces,folk rock
Faces,glam rock
Faces,hard rock
Faces,mellow gold
Faces,protopunk
Faces,psychedelic rock
Faces,pub rock
Faces,rock
Faces,roots rock
Faces,soft rock
Beastie Boys,alternative rock
Beastie Boys,east coast hip hop
Beastie Boys,golden age hip hop
Beastie Boys,hip hop
Beastie Boys,old school hip hop
Beastie Boys,rap
Beastie Boys,rap rock
Pavement,alternative rock
Pavement,anti-folk
Pavement,art rock
Pavement,dream pop
Pavement,freak folk
Pavement,indie rock
Pavement,lo-fi
Pavement,modern rock
Pavement,new wave
Pavement,rock
The Beatles,beatlesque
The Beatles,british invasion
The Beatles,classic rock
The Beatles,merseybeat
The Beatles,psychedelic rock
The Beatles,rock
Jerry Lee Lewis,adult standards
Jerry Lee Lewis,brill building pop
Jerry Lee Lewis,piano rock
Jerry Lee Lewis,rock-and-roll
Jerry Lee Lewis,rockabilly
Digital Underground,conscious hip hop
Digital Underground,funk
Digital Underground,gangster rap
Digital Underground,hardcore hip hop
Digital Underground,hip hop
Digital Underground,hip house
Digital Underground,rap
Digital Underground,west coast rap
Backstreet Boys,boy band
Backstreet Boys,dance pop
Big Star,alternative rock
Big Star,art rock
Big Star,baroque pop
Big Star,beatlesque
Big Star,country rock
Big Star,folk
Big Star,folk rock
Big Star,gbvfi
Big Star,indie rock
Big Star,jangle pop
Big Star,melancholia
Big Star,power pop
Big Star,pub rock
Big Star,roots rock
Aaliyah,dance pop
Aaliyah,hip pop
Aaliyah,pop
Aaliyah,pop rap
Aaliyah,r&b
Aaliyah,urban contemporary
Hank Williams,folk
Hank Williams,honky tonk
Hank Williams,rock-and-roll
Hank Williams,traditional country
Hank Williams,yodeling
Bill Withers,funk
Bill Withers,motown
Bill Withers,quiet storm
Bill Withers,soul
New Order,art rock
New Order,dance rock
New Order,madchester
New Order,new romantic
New Order,new wave
New Order,new wave pop
New Order,permanent wave
New Order,post-punk
New Order,rock
New Order,synthpop
New Order,uk post-punk
The Supremes,brill building pop
The Supremes,classic girl group
The Supremes,disco
The Supremes,motown
The Supremes,quiet storm
The Supremes,soul
Deee-Lite,hip house
Deee-Lite,new wave pop
The Who,album rock
The Who,art rock
The Who,blues rock
The Who,british invasion
The Who,classic rock
The Who,hard rock
The Who,mellow gold
The Who,psychedelic rock
The Who,rock
Whitney Houston,dance pop
Whitney Houston,pop
Whitney Houston,urban contemporary
The Byrds,art rock
The Byrds,beatlesque
The Byrds,blues rock
The Byrds,brill building pop
The Byrds,classic rock
The Byrds,cosmic american
The Byrds,country rock
The Byrds,folk
The Byrds,folk rock
The Byrds,mellow gold
The Byrds,psychedelic rock
The Byrds,rock
The Byrds,roots rock
The Byrds,soft rock
Woody Guthrie,american folk revival
Woody Guthrie,appalachian folk
Woody Guthrie,folk
Woody Guthrie,old-time
Woody Guthrie,protest folk
Woody Guthrie,singer-songwriter
Woody Guthrie,traditional folk
Beyoncé,dance pop
Beyoncé,pop
Beyoncé,r&b
Creedence Clearwater Revival,classic rock
Creedence Clearwater Revival,country rock
Creedence Clearwater Revival,rock
Creedence Clearwater Revival,southern rock
Creedence Clearwater Revival,swamp rock
The Smiths,madchester
The Smiths,new wave
The Smiths,permanent wave
The Smiths,rock
The Smiths,uk post-punk
Joni Mitchell,canadian singer-songwriter
Joni Mitchell,folk
Joni Mitchell,folk rock
Joni Mitchell,lilith
Joni Mitchell,mellow gold
Joni Mitchell,singer-songwriter
Derek & The Dominos,album rock
Derek & The Dominos,blues
Derek & The Dominos,blues rock
Derek & The Dominos,british blues
Derek & The Dominos,classic rock
Derek & The Dominos,country rock
Derek & The Dominos,electric blues
Derek & The Dominos,folk rock
Derek & The Dominos,hard rock
Derek & The Dominos,mellow gold
Derek & The Dominos,psychedelic rock
Derek & The Dominos,rock
Derek & The Dominos,roots rock
Derek & The Dominos,soft rock
Eminem,detroit hip hop
Eminem,hip hop
Eminem,rap
Crosby,album rock
Crosby,art rock
Crosby,blues rock
Crosby,classic rock
Crosby,country rock
Crosby,folk
Crosby,folk rock
Crosby,heartland rock
Crosby,mellow gold
Crosby,psychedelic rock
Crosby,rock
Crosby,roots rock
Crosby,soft rock
Ike & Tina Turner,brill building pop
Ike & Tina Turner,classic soul
Ike & Tina Turner,motown
Ike & Tina Turner,rock-and-roll
Ike & Tina Turner,soul
Ike & Tina Turner,southern soul
New Order,art rock
New Order,dance rock
New Order,madchester
New Order,new romantic
New Order,new wave
New Order,new wave pop
New Order,permanent wave
New Order,post-punk
New Order,rock
New Order,synthpop
New Order,uk post-punk
Tom Petty,album rock
Tom Petty,classic rock
Tom Petty,country rock
Tom Petty,folk rock
Tom Petty,heartland rock
Tom Petty,mellow gold
Tom Petty,pop rock
Tom Petty,rock
Tom Petty,singer-songwriter
Tom Petty,soft rock
Wilson Pickett,brill building pop
Wilson Pickett,classic rock
Wilson Pickett,classic soul
Wilson Pickett,funk
Wilson Pickett,memphis soul
Wilson Pickett,motown
Wilson Pickett,rock-and-roll
Wilson Pickett,soul
Wilson Pickett,southern soul
Stevie Nicks,album rock
Stevie Nicks,heartland rock
Stevie Nicks,mellow gold
Stevie Nicks,rock
Stevie Nicks,soft rock
Elvis Presley,rock-and-roll
Elvis Presley,rockabilly
Mobb Deep,east coast hip hop
Mobb Deep,gangster rap
Mobb Deep,hardcore hip hop
Mobb Deep,hip hop
Mobb Deep,queens hip hop
Mobb Deep,rap
Steely Dan,album rock
Steely Dan,art rock
Steely Dan,classic rock
Steely Dan,country rock
Steely Dan,folk rock
Steely Dan,mellow gold
Steely Dan,psychedelic rock
Steely Dan,rock
Steely Dan,roots rock
Steely Dan,soft rock
Steely Dan,yacht rock
The Rolling Stones,british invasion
The Rolling Stones,classic rock
The Rolling Stones,rock
Boston,album rock
Boston,classic rock
Boston,country rock
Boston,hard rock
Boston,mellow gold
Boston,rock
Boston,soft rock
U2,irish rock
U2,permanent wave
U2,rock
Funkadelic,funk
Funkadelic,funk rock
Funkadelic,p funk
Funkadelic,psychedelic rock
Funkadelic,psychedelic soul
Funkadelic,soul
Don Henley,album rock
Don Henley,art rock
Don Henley,classic rock
Don Henley,country rock
Don Henley,folk rock
Don Henley,heartland rock
Don Henley,mellow gold
Don Henley,new wave pop
Don Henley,pop rock
Don Henley,rock
Don Henley,singer-songwriter
Don Henley,soft rock
Don Henley,yacht rock
Hole,alternative rock
Hole,grunge
Hole,pop rock
Hole,rock
Rage Against The Machine,alternative metal
Rage Against The Machine,alternative rock
Rage Against The Machine,conscious hip hop
Rage Against The Machine,funk metal
Rage Against The Machine,nu metal
Rage Against The Machine,political hip hop
Rage Against The Machine,rap metal
Rage Against The Machine,rap rock
Rage Against The Machine,rock
Glen Campbell,adult standards
Glen Campbell,arkansas country
Glen Campbell,brill building pop
Glen Campbell,bubblegum pop
Glen Campbell,classic country pop
Glen Campbell,classic rock
Glen Campbell,folk
Glen Campbell,folk rock
Glen Campbell,mellow gold
Glen Campbell,nashville sound
Glen Campbell,soft rock
Britney Spears,dance pop
Britney Spears,pop
Britney Spears,post-teen pop
David Bowie,art rock
David Bowie,classic rock
David Bowie,glam rock
David Bowie,permanent wave
David Bowie,rock
Stevie Wonder,funk
Stevie Wonder,indie r&b
Stevie Wonder,motown
Stevie Wonder,quiet storm
Stevie Wonder,soul
Elton John,glam rock
Elton John,mellow gold
Elton John,piano rock
Johnny Cash,arkansas country
Johnny Cash,outlaw country
David Bowie,art rock
David Bowie,classic rock
David Bowie,glam rock
David Bowie,permanent wave
David Bowie,rock
Aerosmith,album rock
Aerosmith,classic rock
Aerosmith,hard rock
Aerosmith,rock
Marvin Gaye,classic soul
Marvin Gaye,funk
Marvin Gaye,indie r&b
Marvin Gaye,motown
Marvin Gaye,northern soul
Marvin Gaye,quiet storm
Marvin Gaye,soul
Ann Peebles,classic soul
Ann Peebles,funk
Ann Peebles,memphis soul
Ann Peebles,motown
Ann Peebles,soul
Ann Peebles,soul blues
Ann Peebles,southern soul
James Brown,funk
James Brown,motown
James Brown,soul
Patsy Cline,adult standards
Patsy Cline,nashville sound
Patsy Cline,rockabilly
PJ Harvey,alternative rock
PJ Harvey,art pop
PJ Harvey,art rock
PJ Harvey,melancholia
PJ Harvey,permanent wave
PJ Harvey,piano rock
PJ Harvey,pop rock
PJ Harvey,rock
PJ Harvey,singer-songwriter
The Rolling Stones,british invasion
The Rolling Stones,classic rock
The Rolling Stones,rock
Geto Boys,conscious hip hop
Geto Boys,dirty south rap
Geto Boys,g funk
Geto Boys,gangster rap
Geto Boys,golden age hip hop
Geto Boys,hardcore hip hop
Geto Boys,hip hop
Geto Boys,old school hip hop
Geto Boys,rap
Geto Boys,southern hip hop
Bobbie Gentry,country rock
Bobbie Gentry,folk rock
N.W.A.,conscious hip hop
N.W.A.,gangster rap
N.W.A.,golden age hip hop
N.W.A.,hardcore hip hop
N.W.A.,hip hop
N.W.A.,old school hip hop
N.W.A.,rap
N.W.A.,west coast rap
David Bowie,art rock
David Bowie,classic rock
David Bowie,glam rock
David Bowie,permanent wave
David Bowie,rock
Jimi Hendrix,acid rock
Jimi Hendrix,album rock
Jimi Hendrix,blues rock
Jimi Hendrix,classic rock
Jimi Hendrix,hard rock
Jimi Hendrix,psychedelic rock
Jimi Hendrix,rock
Bob Dylan,classic rock
Bob Dylan,country rock
Bob Dylan,folk
Bob Dylan,folk rock
Bob Dylan,mellow gold
Bob Dylan,rock
Bob Dylan,roots rock
Bob Dylan,singer-songwriter
The Staple Singers,chicago soul
The Staple Singers,classic soul
The Staple Singers,funk
The Staple Singers,memphis soul
The Staple Singers,motown
The Staple Singers,quiet storm
The Staple Singers,soul
The Staple Singers,southern soul
Michael Jackson,pop
Michael Jackson,r&b
Michael Jackson,soul
Sinéad O'Connor,lilith
Sinéad O'Connor,new wave pop
Sinéad O'Connor,pop rock
Stevie Wonder,funk
Stevie Wonder,indie r&b
Stevie Wonder,motown
Stevie Wonder,quiet storm
Stevie Wonder,soul
Simon & Garfunkel,classic rock
Simon & Garfunkel,folk
Simon & Garfunkel,folk rock
Simon & Garfunkel,melancholia
Simon & Garfunkel,mellow gold
Simon & Garfunkel,rock
The Byrds,art rock
The Byrds,beatlesque
The Byrds,blues rock
The Byrds,brill building pop
The Byrds,classic rock
The Byrds,cosmic american
The Byrds,country rock
The Byrds,folk
The Byrds,folk rock
The Byrds,mellow gold
The Byrds,psychedelic rock
The Byrds,rock
The Byrds,roots rock
The Byrds,soft rock
Lou Reed,art rock
Lou Reed,classic rock
Lou Reed,glam rock
Lou Reed,permanent wave
Lou Reed,psychedelic rock
Lou Reed,rock
Lou Reed,singer-songwriter
Pink Floyd,album rock
Pink Floyd,art rock
Pink Floyd,classic rock
Pink Floyd,progressive rock
Pink Floyd,psychedelic rock
Pink Floyd,rock
Pink Floyd,symphonic rock
Billie Eilish,art pop
Billie Eilish,electropop
Billie Eilish,pop
Van Halen,album rock
Van Halen,classic rock
Van Halen,hard rock
Van Halen,metal
Van Halen,rock
The Kinks,album rock
The Kinks,art rock
The Kinks,british invasion
The Kinks,classic rock
The Kinks,folk rock
The Kinks,glam rock
The Kinks,mellow gold
The Kinks,protopunk
The Kinks,psychedelic rock
The Kinks,rock
The Flamingos,doo-wop
The Flamingos,rhythm and blues
R.E.M.,alternative rock
R.E.M.,athens indie
R.E.M.,classic rock
R.E.M.,permanent wave
R.E.M.,pop rock
R.E.M.,rock
Television,alternative rock
Television,art punk
Television,art rock
Television,experimental
Television,indie rock
Television,new wave
Television,no wave
Television,post-punk
Television,protopunk
Television,psychedelic rock
Television,punk
Nina Simone,adult standards
Nina Simone,jazz blues
Nina Simone,soul
Nina Simone,soul jazz
Nina Simone,torch song
Nina Simone,vocal jazz
Louis Armstrong,adult standards
Louis Armstrong,dixieland
Louis Armstrong,harlem renaissance
Louis Armstrong,jazz trumpet
Louis Armstrong,new orleans jazz
Louis Armstrong,swing
Louis Armstrong,vocal jazz
The Five Satins,brill building pop
The Five Satins,doo-wop
The Five Satins,rhythm and blues
The Five Satins,rock-and-roll
Tom Petty and the Heartbreakers,album rock
Tom Petty and the Heartbreakers,classic rock
Tom Petty and the Heartbreakers,country rock
Tom Petty and the Heartbreakers,folk rock
Tom Petty and the Heartbreakers,hard rock
Tom Petty and the Heartbreakers,heartland rock
Tom Petty and the Heartbreakers,mellow gold
Tom Petty and the Heartbreakers,psychedelic rock
Tom Petty and the Heartbreakers,rock
Tom Petty and the Heartbreakers,roots rock
Tom Petty and the Heartbreakers,soft rock
Dusty Springfield,adult standards
Dusty Springfield,brill building pop
Dusty Springfield,british invasion
Dusty Springfield,classic rock
Dusty Springfield,folk
Dusty Springfield,folk rock
Dusty Springfield,mellow gold
Dusty Springfield,motown
Dusty Springfield,soul
Dusty Springfield,vocal jazz
Eminem,detroit hip hop
Eminem,hip hop
Eminem,rap
Mott The Hoople,album rock
Mott The Hoople,art rock
Mott The Hoople,blues rock
Mott The Hoople,classic rock
Mott The Hoople,folk rock
Mott The Hoople,glam rock
Mott The Hoople,hard rock
Mott The Hoople,power pop
Mott The Hoople,protopunk
Mott The Hoople,pub rock
Hank Williams,folk
Hank Williams,honky tonk
Hank Williams,rock-and-roll
Hank Williams,traditional country
Hank Williams,yodeling
Bob Dylan,classic rock
Bob Dylan,country rock
Bob Dylan,folk
Bob Dylan,folk rock
Bob Dylan,mellow gold
Bob Dylan,rock
Bob Dylan,roots rock
Bob Dylan,singer-songwriter
Fleetwood Mac,album rock
Fleetwood Mac,classic rock
Fleetwood Mac,mellow gold
Fleetwood Mac,rock
Fleetwood Mac,soft rock
Fleetwood Mac,yacht rock
Nick Drake,british folk
Nick Drake,folk
Nick Drake,folk rock
Nick Drake,indie folk
Nick Drake,melancholia
Nick Drake,rock
Nick Drake,singer-songwriter
Madonna,dance pop
Madonna,pop
R.E.M.,alternative rock
R.E.M.,athens indie
R.E.M.,classic rock
R.E.M.,permanent wave
R.E.M.,pop rock
R.E.M.,rock
The Who,album rock
The Who,art rock
The Who,blues rock
The Who,british invasion
The Who,classic rock
The Who,hard rock
The Who,mellow gold
The Who,psychedelic rock
The Who,rock
The Meters,classic soul
The Meters,funk
The Meters,instrumental soul
The Meters,modern funk
The Meters,new orleans funk
The Meters,soul
The Meters,southern soul
Sonic Youth,alternative rock
Sonic Youth,art rock
Sonic Youth,dream pop
Sonic Youth,indie rock
Sonic Youth,new wave
Sonic Youth,noise pop
Sonic Youth,noise rock
Sonic Youth,post-punk
Sonic Youth,rock
The Kingsmen,bubblegum pop
The Kingsmen,classic garage rock
The Strokes,alternative rock
The Strokes,garage rock
The Strokes,modern rock
The Strokes,permanent wave
The Strokes,rock
Howlin' Wolf,blues
Howlin' Wolf,blues rock
Howlin' Wolf,chicago blues
Howlin' Wolf,classic rock
Howlin' Wolf,delta blues
Howlin' Wolf,harmonica blues
Howlin' Wolf,memphis blues
Howlin' Wolf,traditional blues
Rick James,disco
Rick James,funk
Rick James,motown
Rick James,post-disco
Rick James,quiet storm
Rick James,soul
Rick James,synth funk
Creedence Clearwater Revival,classic rock
Creedence Clearwater Revival,country rock
Creedence Clearwater Revival,rock
Creedence Clearwater Revival,southern rock
Creedence Clearwater Revival,swamp rock
The Shirelles,adult standards
The Shirelles,brill building pop
The Shirelles,classic girl group
The Shirelles,doo-wop
The Shirelles,motown
The Shirelles,rhythm and blues
The Shirelles,rock-and-roll
The Shirelles,rockabilly
The Shirelles,soul
Green Day,permanent wave
Green Day,punk
Elton John,glam rock
Elton John,mellow gold
Elton John,piano rock
Led Zeppelin,album rock
Led Zeppelin,classic rock
Led Zeppelin,hard rock
Led Zeppelin,rock
Fats Domino,adult standards
Fats Domino,brill building pop
Fats Domino,louisiana blues
Fats Domino,lounge
Fats Domino,new orleans blues
Fats Domino,piano blues
Fats Domino,rock-and-roll
Fats Domino,rockabilly
Fats Domino,soul
James Taylor,adult standards
James Taylor,classic rock
James Taylor,folk
James Taylor,folk rock
James Taylor,mellow gold
James Taylor,rock
James Taylor,singer-songwriter
James Taylor,soft rock
Outkast,atl hip hop
Outkast,dirty south rap
Outkast,hip hop
Outkast,rap
Outkast,southern hip hop
The Rolling Stones,british invasion
The Rolling Stones,classic rock
The Rolling Stones,rock
The Clash,classic rock
The Clash,permanent wave
The Clash,punk
The Clash,rock
George Jones,country
George Jones,country rock
George Jones,honky tonk
Rod Stewart,classic rock
Rod Stewart,mellow gold
Rod Stewart,soft rock
Bob Marley & The Wailers,reggae
Bob Marley & The Wailers,roots reggae
Madonna,dance pop
Madonna,pop
Blondie,candy pop
Blondie,new wave
Blondie,new wave pop
Blondie,permanent wave
Blondie,power pop
Blondie,rock
Ariana Grande,dance pop
Ariana Grande,pop
Otis Redding,classic soul
Otis Redding,memphis soul
Otis Redding,soul
Otis Redding,soul blues
Otis Redding,southern soul
The Beatles,beatlesque
The Beatles,british invasion
The Beatles,classic rock
The Beatles,merseybeat
The Beatles,psychedelic rock
The Beatles,rock
Tina Turner,disco
Tina Turner,new wave pop
Tina Turner,soft rock
Journey,album rock
Journey,classic rock
Journey,hard rock
Journey,mellow gold
Journey,rock
Journey,soft rock
Eric B. & Rakim,alternative hip hop
Eric B. & Rakim,bboy
Eric B. & Rakim,east coast hip hop
Eric B. & Rakim,electro
Eric B. & Rakim,gangster rap
Eric B. & Rakim,golden age hip hop
Eric B. & Rakim,hardcore hip hop
Eric B. & Rakim,hip hop
Eric B. & Rakim,old school hip hop
Eric B. & Rakim,rap
Eric B. & Rakim,turntablism
Ben E. King,adult standards
Ben E. King,brill building pop
Ben E. King,motown
Ben E. King,rock-and-roll
Ben E. King,soul
Ben E. King,southern soul
Martha Reeves & The Vandellas,brill building pop
Martha Reeves & The Vandellas,classic girl group
Martha Reeves & The Vandellas,classic soul
Martha Reeves & The Vandellas,disco
Martha Reeves & The Vandellas,funk
Martha Reeves & The Vandellas,motown
Martha Reeves & The Vandellas,quiet storm
Martha Reeves & The Vandellas,rock-and-roll
Martha Reeves & The Vandellas,soul
Drake,canadian hip hop
Drake,canadian pop
Drake,hip hop
Drake,rap
Drake,toronto rap
Led Zeppelin,album rock
Led Zeppelin,classic rock
Led Zeppelin,hard rock
Led Zeppelin,rock
TLC,atl hip hop
TLC,dance pop
TLC,girl group
TLC,hip hop
TLC,hip pop
TLC,new jack swing
TLC,pop
TLC,r&b
TLC,urban contemporary
George Michael,soft rock
Sex Pistols,punk
Sex Pistols,rock
Buddy Holly,adult standards
Buddy Holly,brill building pop
Buddy Holly,bubblegum pop
Buddy Holly,classic rock
Buddy Holly,rock-and-roll
Buddy Holly,rockabilly
Talking Heads,art punk
Talking Heads,art rock
Talking Heads,dance rock
Talking Heads,funk rock
Talking Heads,new wave
Talking Heads,permanent wave
Talking Heads,post-punk
Talking Heads,rock
Talking Heads,zolo
The Impressions,brill building pop
The Impressions,chicago soul
The Impressions,classic soul
The Impressions,funk
The Impressions,motown
The Impressions,quiet storm
The Impressions,rhythm and blues
The Impressions,soul
The Beatles,beatlesque
The Beatles,british invasion
The Beatles,classic rock
The Beatles,merseybeat
The Beatles,psychedelic rock
The Beatles,rock
X-Ray Spex,black punk
X-Ray Spex,post-punk
X-Ray Spex,pub rock
X-Ray Spex,punk
X-Ray Spex,riot grrrl
Marvin Gaye,classic soul
Marvin Gaye,funk
Marvin Gaye,indie r&b
Marvin Gaye,motown
Marvin Gaye,northern soul
Marvin Gaye,quiet storm
Marvin Gaye,soul
Radiohead,alternative rock
Radiohead,art rock
Radiohead,melancholia
Radiohead,oxford indie
Radiohead,permanent wave
Radiohead,rock
Aretha Franklin,classic soul
Aretha Franklin,jazz blues
Aretha Franklin,memphis soul
Aretha Franklin,soul
Aretha Franklin,southern soul
Rob Base & DJ EZ Rock,electro
Rob Base & DJ EZ Rock,harlem hip hop
Rob Base & DJ EZ Rock,hip house
Rob Base & DJ EZ Rock,rap
Etta James,adult standards
Etta James,jazz blues
Etta James,soul
Etta James,soul blues
Etta James,torch song
Etta James,vocal jazz
Britney Spears,dance pop
Britney Spears,pop
Britney Spears,post-teen pop
Stevie Wonder,funk
Stevie Wonder,indie r&b
Stevie Wonder,motown
Stevie Wonder,quiet storm
Stevie Wonder,soul
R.E.M.,alternative rock
R.E.M.,athens indie
R.E.M.,classic rock
R.E.M.,permanent wave
R.E.M.,pop rock
R.E.M.,rock
Bruce Springsteen,classic rock
Bruce Springsteen,heartland rock
Bruce Springsteen,mellow gold
Bruce Springsteen,permanent wave
Bruce Springsteen,rock
Bruce Springsteen,singer-songwriter
The Beatles,beatlesque
The Beatles,british invasion
The Beatles,classic rock
The Beatles,merseybeat
The Beatles,psychedelic rock
The Beatles,rock
Sly & The Family Stone,classic rock
Sly & The Family Stone,classic soul
Sly & The Family Stone,disco
Sly & The Family Stone,folk rock
Sly & The Family Stone,funk
Sly & The Family Stone,funk rock
Sly & The Family Stone,mellow gold
Sly & The Family Stone,motown
Sly & The Family Stone,psychedelic soul
Sly & The Family Stone,rock
Sly & The Family Stone,soul
The Cure,new wave
The Cure,permanent wave
The Cure,rock
The Cure,uk post-punk
Wu-Tang Clan,east coast hip hop
Wu-Tang Clan,gangster rap
Wu-Tang Clan,hardcore hip hop
Wu-Tang Clan,hip hop
Wu-Tang Clan,rap
The Rolling Stones,british invasion
The Rolling Stones,classic rock
The Rolling Stones,rock
David Bowie,art rock
David Bowie,classic rock
David Bowie,glam rock
David Bowie,permanent wave
David Bowie,rock
The Jackson 5,motown
The Jackson 5,soul
Alanis Morissette,canadian pop
Alanis Morissette,canadian singer-songwriter
Alanis Morissette,lilith
Alanis Morissette,pop rock
Alanis Morissette,singer-songwriter
Chuck Berry,blues rock
Chuck Berry,classic rock
Chuck Berry,rock
Chuck Berry,rock-and-roll
Chuck Berry,rockabilly
Chuck Berry,soul
Yeah Yeah Yeahs,alternative dance
Yeah Yeah Yeahs,alternative rock
Yeah Yeah Yeahs,dance-punk
Yeah Yeah Yeahs,garage rock
Yeah Yeah Yeahs,indie pop
Yeah Yeah Yeahs,indie rock
Yeah Yeah Yeahs,modern rock
Yeah Yeah Yeahs,new rave
Yeah Yeah Yeahs,rock
Bob Dylan,classic rock
Bob Dylan,country rock
Bob Dylan,folk
Bob Dylan,folk rock
Bob Dylan,mellow gold
Bob Dylan,rock
Bob Dylan,roots rock
Bob Dylan,singer-songwriter
Bee Gees,disco
Bee Gees,mellow gold
Bee Gees,soft rock
The Beatles,beatlesque
The Beatles,british invasion
The Beatles,classic rock
The Beatles,merseybeat
The Beatles,psychedelic rock
The Beatles,rock
Patti Smith,art punk
Patti Smith,art rock
Patti Smith,folk rock
Patti Smith,permanent wave
Patti Smith,protopunk
Patti Smith,rock
JAY-Z,east coast hip hop
JAY-Z,hip hop
JAY-Z,rap
Oasis,beatlesque
Oasis,britpop
Oasis,madchester
Oasis,permanent wave
Oasis,rock
Whitney Houston,dance pop
Whitney Houston,pop
Whitney Houston,urban contemporary
Kelly Clarkson,dance pop
Kelly Clarkson,neo mellow
Kelly Clarkson,pop
Kelly Clarkson,pop rock
Kelly Clarkson,post-teen pop
Kelly Clarkson,talent show
Little Richard,adult standards
Little Richard,brill building pop
Little Richard,classic rock
Little Richard,rock-and-roll
Little Richard,rockabilly
Little Richard,soul
UGK,dirty south rap
UGK,gangster rap
UGK,hip hop
UGK,houston rap
UGK,rap
UGK,southern hip hop
UGK,trap
Aretha Franklin,classic soul
Aretha Franklin,jazz blues
Aretha Franklin,memphis soul
Aretha Franklin,soul
Aretha Franklin,southern soul
The Beatles,beatlesque
The Beatles,british invasion
The Beatles,classic rock
The Beatles,merseybeat
The Beatles,psychedelic rock
The Beatles,rock
Guns N' Roses,glam metal
Guns N' Roses,hard rock
Guns N' Roses,rock
LCD Soundsystem,alternative dance
LCD Soundsystem,alternative rock
LCD Soundsystem,art pop
LCD Soundsystem,dance rock
LCD Soundsystem,dance-punk
LCD Soundsystem,electronic rock
LCD Soundsystem,electronica
LCD Soundsystem,indie rock
LCD Soundsystem,indietronica
LCD Soundsystem,modern rock
LCD Soundsystem,new rave
LCD Soundsystem,rock
The Rolling Stones,british invasion
The Rolling Stones,classic rock
The Rolling Stones,rock
Prince,funk
Prince,funk rock
Prince,minneapolis sound
Prince,synth funk
Al Green,classic soul
Al Green,funk
Al Green,memphis soul
Al Green,quiet storm
Al Green,soul
Al Green,soul blues
Al Green,southern soul
Bob Dylan,classic rock
Bob Dylan,country rock
Bob Dylan,folk
Bob Dylan,folk rock
Bob Dylan,mellow gold
Bob Dylan,rock
Bob Dylan,roots rock
Bob Dylan,singer-songwriter
Adele,british soul
Adele,pop
Adele,pop soul
Adele,uk pop
The Velvet Underground,alternative rock
The Velvet Underground,art rock
The Velvet Underground,classic rock
The Velvet Underground,folk rock
The Velvet Underground,melancholia
The Velvet Underground,permanent wave
The Velvet Underground,protopunk
The Velvet Underground,psychedelic rock
The Velvet Underground,rock
Ray Charles,adult standards
Ray Charles,classic soul
Ray Charles,jazz blues
Ray Charles,piano blues
Ray Charles,soul
Ray Charles,soul blues
Ray Charles,vocal jazz
Amy Winehouse,british soul
Amy Winehouse,neo soul
Four Tops,adult standards
Four Tops,brill building pop
Four Tops,classic soul
Four Tops,disco
Four Tops,funk
Four Tops,mellow gold
Four Tops,motown
Four Tops,quiet storm
Four Tops,soul
The Modern Lovers,alternative rock
The Modern Lovers,anti-folk
The Modern Lovers,art rock
The Modern Lovers,boston rock
The Modern Lovers,indie rock
The Modern Lovers,psychedelic rock
The Modern Lovers,punk
The Modern Lovers,punk blues
Johnny Cash,arkansas country
Johnny Cash,outlaw country
Pulp,alternative rock
Pulp,art rock
Pulp,britpop
Pulp,modern rock
Pulp,new wave
Pulp,permanent wave
Pulp,pop rock
Pulp,rock
Pulp,sheffield indie
Leonard Cohen,canadian singer-songwriter
Leonard Cohen,folk
Leonard Cohen,folk rock
Leonard Cohen,melancholia
Leonard Cohen,permanent wave
Leonard Cohen,singer-songwriter
Beyoncé,dance pop
Beyoncé,pop
Beyoncé,r&b
The Beatles,beatlesque
The Beatles,british invasion
The Beatles,classic rock
The Beatles,merseybeat
The Beatles,psychedelic rock
The Beatles,rock
Tracy Chapman,folk
Tracy Chapman,lilith
Tracy Chapman,singer-songwriter
Tracy Chapman,women's music
Elvis Presley,rock-and-roll
Elvis Presley,rockabilly
Taylor Swift,pop
CHIC,disco
CHIC,funk
CHIC,motown
CHIC,post-disco
CHIC,quiet storm
CHIC,soul
Bob Dylan,classic rock
Bob Dylan,country rock
Bob Dylan,folk
Bob Dylan,folk rock
Bob Dylan,mellow gold
Bob Dylan,rock
Bob Dylan,roots rock
Bob Dylan,singer-songwriter
Simon & Garfunkel,classic rock
Simon & Garfunkel,folk
Simon & Garfunkel,folk rock
Simon & Garfunkel,melancholia
Simon & Garfunkel,mellow gold
Simon & Garfunkel,rock
Earth,disco
Earth,funk
Earth,jazz funk
Earth,motown
Earth,quiet storm
Earth,soul
Ramones,classic rock
Ramones,early us punk
Ramones,permanent wave
Ramones,punk
Ramones,rock
Ramones,skate punk
Dolly Parton,classic country pop
Dolly Parton,country
Dolly Parton,country dawn
U2,irish rock
U2,permanent wave
U2,rock
Led Zeppelin,album rock
Led Zeppelin,classic rock
Led Zeppelin,hard rock
Led Zeppelin,rock
Kate Bush,art pop
Kate Bush,art rock
Kate Bush,baroque pop
Kate Bush,new wave pop
Kate Bush,permanent wave
Kate Bush,piano rock
Kate Bush,singer-songwriter
Grandmaster Flash,bronx hip hop
Grandmaster Flash,conscious hip hop
Grandmaster Flash,east coast hip hop
Grandmaster Flash,electro
Grandmaster Flash,hip hop
Grandmaster Flash,hip house
Grandmaster Flash,old school hip hop
Grandmaster Flash,rap
Grandmaster Flash,turntablism
The Band,album rock
The Band,blues rock
The Band,classic canadian rock
The Band,classic rock
The Band,cosmic american
The Band,country rock
The Band,folk
The Band,folk rock
The Band,heartland rock
The Band,jam band
The Band,mellow gold
The Band,rock
The Band,roots rock
The Band,soft rock
The Band,swamp rock
Sly & The Family Stone,classic rock
Sly & The Family Stone,classic soul
Sly & The Family Stone,disco
Sly & The Family Stone,folk rock
Sly & The Family Stone,funk
Sly & The Family Stone,funk rock
Sly & The Family Stone,mellow gold
Sly & The Family Stone,motown
Sly & The Family Stone,psychedelic soul
Sly & The Family Stone,rock
Sly & The Family Stone,soul
Missy Elliott,dance pop
Missy Elliott,hip hop
Missy Elliott,hip pop
Missy Elliott,pop
Missy Elliott,pop rap
Missy Elliott,r&b
Missy Elliott,rap
Missy Elliott,urban contemporary
Missy Elliott,virginia hip hop
Madonna,dance pop
Madonna,pop
Smokey Robinson & The Miracles,brill building pop
Smokey Robinson & The Miracles,classic soul
Smokey Robinson & The Miracles,funk
Smokey Robinson & The Miracles,motown
Smokey Robinson & The Miracles,quiet storm
Smokey Robinson & The Miracles,rock-and-roll
Smokey Robinson & The Miracles,soul
Smokey Robinson & The Miracles,southern soul
The Beach Boys,baroque pop
The Beach Boys,brill building pop
The Beach Boys,classic rock
The Beach Boys,psychedelic rock
The Beach Boys,rock
The Beach Boys,sunshine pop
Donna Summer,dance pop
Donna Summer,disco
Donna Summer,hi-nrg
Donna Summer,motown
Donna Summer,new wave pop
Dionne Warwick,adult standards
Dionne Warwick,brill building pop
Dionne Warwick,disco
Dionne Warwick,lounge
Dionne Warwick,mellow gold
Dionne Warwick,motown
Dionne Warwick,quiet storm
Dionne Warwick,soft rock
Dionne Warwick,soul
Daddy Yankee,latin
Daddy Yankee,latin hip hop
Daddy Yankee,reggaeton
Daddy Yankee,trap latino
Ms. Lauryn Hill,conscious hip hop
Ms. Lauryn Hill,hip pop
Ms. Lauryn Hill,neo soul
Ms. Lauryn Hill,new jersey rap
Ms. Lauryn Hill,r&b
Ms. Lauryn Hill,urban contemporary
Radiohead,alternative rock
Radiohead,art rock
Radiohead,melancholia
Radiohead,oxford indie
Radiohead,permanent wave
Radiohead,rock
Elton John,glam rock
Elton John,mellow gold
Elton John,piano rock
M.I.A.,dance pop
M.I.A.,escape room
M.I.A.,indietronica
M.I.A.,new rave
Kendrick Lamar,conscious hip hop
Kendrick Lamar,hip hop
Kendrick Lamar,rap
Kendrick Lamar,west coast rap
Michael Jackson,pop
Michael Jackson,r&b
Michael Jackson,soul
The Temptations,brill building pop
The Temptations,classic soul
The Temptations,funk
The Temptations,memphis soul
The Temptations,motown
The Temptations,soul
Bob Marley & The Wailers,reggae
Bob Marley & The Wailers,roots reggae
Joy Division,alternative rock
Joy Division,madchester
Joy Division,new wave
Joy Division,post-punk
Joy Division,rock
Joy Division,uk post-punk
Jimi Hendrix,acid rock
Jimi Hendrix,album rock
Jimi Hendrix,blues rock
Jimi Hendrix,classic rock
Jimi Hendrix,hard rock
Jimi Hendrix,psychedelic rock
Jimi Hendrix,rock
Outkast,atl hip hop
Outkast,dirty south rap
Outkast,hip hop
Outkast,rap
Outkast,southern hip hop
Otis Redding,classic soul
Otis Redding,memphis soul
Otis Redding,soul
Otis Redding,soul blues
Otis Redding,southern soul
Prince,funk
Prince,funk rock
Prince,minneapolis sound
Prince,synth funk
The White Stripes,alternative rock
The White Stripes,blues rock
The White Stripes,detroit rock
The White Stripes,garage rock
The White Stripes,modern blues rock
The White Stripes,modern rock
The White Stripes,permanent wave
The White Stripes,punk blues
The White Stripes,rock
Little Richard,adult standards
Little Richard,brill building pop
Little Richard,classic rock
Little Richard,rock-and-roll
Little Richard,rockabilly
Little Richard,soul
James Brown,funk
James Brown,motown
James Brown,soul
Chuck Berry,blues rock
Chuck Berry,classic rock
Chuck Berry,rock
Chuck Berry,rock-and-roll
Chuck Berry,rockabilly
Chuck Berry,soul
The Notorious B.I.G.,east coast hip hop
The Notorious B.I.G.,gangster rap
The Notorious B.I.G.,hardcore hip hop
The Notorious B.I.G.,hip hop
The Notorious B.I.G.,rap
The Rolling Stones,british invasion
The Rolling Stones,classic rock
The Rolling Stones,rock
Lorde,art pop
Lorde,dance pop
Lorde,electropop
Lorde,metropopolis
Lorde,nz pop
Lorde,pop
Dr. Dre,g funk
Dr. Dre,gangster rap
Dr. Dre,hip hop
Dr. Dre,rap
Dr. Dre,west coast rap
Talking Heads,art punk
Talking Heads,art rock
Talking Heads,dance rock
Talking Heads,funk rock
Talking Heads,new wave
Talking Heads,permanent wave
Talking Heads,post-punk
Talking Heads,rock
Talking Heads,zolo
Bruce Springsteen,classic rock
Bruce Springsteen,heartland rock
Bruce Springsteen,mellow gold
Bruce Springsteen,permanent wave
Bruce Springsteen,rock
Bruce Springsteen,singer-songwriter
Joni Mitchell,canadian singer-songwriter
Joni Mitchell,folk
Joni Mitchell,folk rock
Joni Mitchell,lilith
Joni Mitchell,mellow gold
Joni Mitchell,singer-songwriter
Kanye West,chicago rap
Kanye West,rap
The Beatles,beatlesque
The Beatles,british invasion
The Beatles,classic rock
The Beatles,merseybeat
The Beatles,psychedelic rock
The Beatles,rock
David Bowie,art rock
David Bowie,classic rock
David Bowie,glam rock
David Bowie,permanent wave
David Bowie,rock
The Ronettes,adult standards
The Ronettes,brill building pop
The Ronettes,classic girl group
The Ronettes,motown
The Ronettes,rock-and-roll
The Ronettes,soul
Billie Holiday,adult standards
Billie Holiday,harlem renaissance
Billie Holiday,jazz
Billie Holiday,jazz blues
Billie Holiday,lounge
Billie Holiday,soul
Billie Holiday,torch song
Billie Holiday,vocal jazz
Robyn,art pop
Robyn,dance pop
Robyn,electropop
Robyn,europop
Robyn,pop
Robyn,scandipop
Robyn,swedish electropop
Robyn,swedish pop
John Lennon,album rock
John Lennon,art rock
John Lennon,beatlesque
John Lennon,classic rock
John Lennon,folk rock
John Lennon,mellow gold
John Lennon,rock
Prince,funk
Prince,funk rock
Prince,minneapolis sound
Prince,synth funk
Queen,classic rock
Queen,glam rock
Queen,rock
Beyoncé,dance pop
Beyoncé,pop
Beyoncé,r&b
The Beatles,beatlesque
The Beatles,british invasion
The Beatles,classic rock
The Beatles,merseybeat
The Beatles,psychedelic rock
The Beatles,rock
The Kinks,album rock
The Kinks,art rock
The Kinks,british invasion
The Kinks,classic rock
The Kinks,folk rock
The Kinks,glam rock
The Kinks,mellow gold
The Kinks,protopunk
The Kinks,psychedelic rock
The Kinks,rock
The Rolling Stones,british invasion
The Rolling Stones,classic rock
The Rolling Stones,rock
Stevie Wonder,funk
Stevie Wonder,indie r&b
Stevie Wonder,motown
Stevie Wonder,quiet storm
Stevie Wonder,soul
The Beach Boys,baroque pop
The Beach Boys,brill building pop
The Beach Boys,classic rock
The Beach Boys,psychedelic rock
The Beach Boys,rock
The Beach Boys,sunshine pop
Outkast,atl hip hop
Outkast,dirty south rap
Outkast,hip hop
Outkast,rap
Outkast,southern hip hop
Fleetwood Mac,album rock
Fleetwood Mac,classic rock
Fleetwood Mac,mellow gold
Fleetwood Mac,rock
Fleetwood Mac,soft rock
Fleetwood Mac,yacht rock
Missy Elliott,dance pop
Missy Elliott,hip hop
Missy Elliott,hip pop
Missy Elliott,pop
Missy Elliott,pop rap
Missy Elliott,r&b
Missy Elliott,rap
Missy Elliott,urban contemporary
Missy Elliott,virginia hip hop
The Beatles,beatlesque
The Beatles,british invasion
The Beatles,classic rock
The Beatles,merseybeat
The Beatles,psychedelic rock
The Beatles,rock
Marvin Gaye,classic soul
Marvin Gaye,funk
Marvin Gaye,indie r&b
Marvin Gaye,motown
Marvin Gaye,northern soul
Marvin Gaye,quiet storm
Marvin Gaye,soul
Nirvana,alternative rock
Nirvana,grunge
Nirvana,permanent wave
Nirvana,rock
Bob Dylan,classic rock
Bob Dylan,country rock
Bob Dylan,folk
Bob Dylan,folk rock
Bob Dylan,mellow gold
Bob Dylan,rock
Bob Dylan,roots rock
Bob Dylan,singer-songwriter
Sam Cooke,adult standards
Sam Cooke,brill building pop
Sam Cooke,classic soul
Sam Cooke,rock-and-roll
Sam Cooke,soul
Public Enemy,conscious hip hop
Public Enemy,east coast hip hop
Public Enemy,gangster rap
Public Enemy,golden age hip hop
Public Enemy,hardcore hip hop
Public Enemy,hip hop
Public Enemy,old school hip hop
Public Enemy,political hip hop
Public Enemy,rap
Aretha Franklin,classic soul
Aretha Franklin,jazz blues
Aretha Franklin,memphis soul
Aretha Franklin,soul
Aretha Franklin,southern soul